Metric,Value
NDS,0.5598939050738054
mAP,0.5420267223430895
mATE,0.2435
mASE,0.2934
mAOE,0.4612
mAVE,0.7143
mAAE,0.3988
